Id,Business Date,Security Id,Symbol,Security Name,Open Price,High Price,Low Price,Close Price,Total Traded Quantity,Total Traded Value,Previous Day Close Price,Fifty Two Week High,Fifty Two Week Low,Last Updated Time,Last Updated Price,Total Trades,Average Traded Price,Market Capitalization
1,2025-11-03,131,NABIL,Nabil Bank Limited,515,517,510.1,513.1,32079,16515996.3,511.1,579,471,2025-11-03T14:59:58.884495,513.1,319,514.85,138829.46
2,2025-11-03,132,NIMB,Nepal Investment Mega Bank Limited,203,206.8,200.6,201.9,63181,12780260.8,204.3,247,189.2,2025-11-03T14:59:49.275849,201.9,238,202.28,68905.63
3,2025-11-03,133,SCB,Standard Chartered Bank Limited,639,647,632.2,643,23579,15028797.9,638,779.2,594.9,2025-11-03T14:59:57.911818,643,148,637.38,64572.43
4,2025-11-03,134,HBL,Himalayan Bank Limited,198,202,197,199,49743,9898040.7,200,267,184,2025-11-03T14:59:58.800534,199,1420,198.98,44937.51
5,2025-11-03,135,SBI,Nepal SBI Bank Limited,397,404.8,397,402,15862,6366537.4,401,508,363,2025-11-03T14:59:49.578782,402,78,401.37,43814.62
6,2025-11-03,137,EBL,Everest Bank Limited,636,639,624,633,23526,14886368.4,630.1,780.6,570,2025-11-03T14:59:31.072796,633,161,632.76,86856.31
7,2025-11-03,139,NICA,NIC Asia Bank Ltd.,324,330,321.2,324,43294,14103738.8,323.9,464.1,308.7,2025-11-03T14:59:20.480649,324,234,325.76,48332.92
8,2025-11-03,140,MBL,Machhapuchhre Bank Limited,213.2,220,213.2,219.5,46374,10100309.8,217,290,205,2025-11-03T14:59:56.345105,219.5,122,217.8,26529.23
9,2025-11-03,141,LSL,Laxmi Sunrise Bank Limited,227,227,222,222.6,58649,13153905.8,224.1,274,201,2025-11-03T14:59:51.319268,222.6,165,224.28,54195.34
10,2025-11-03,142,KBL,Kumari Bank Limited,187.3,190.2,187.2,187.9,113644,21431194,189,239.5,175.5,2025-11-03T14:59:36.045135,187.9,374,188.58,49278.39
11,2025-11-03,145,SBL,Siddhartha Bank Limited,346.5,349.5,345,345,64848,22490717.5,349.52,408,261,2025-11-03T14:58:36.498678,345,156,346.82,51040.95
12,2025-11-03,147,SHL,Soaltee Hotel Limited,549,555,538.1,548,47749,26255109.5,552,619,455,2025-11-03T14:59:56.787171,548,230,549.85,55998.08
13,2025-11-03,148,TRH,Taragaon Regency Hotel Limited,719.1,748,716.1,733.7,14914,10865297.5,724.8,1284,701.3,2025-11-03T14:59:47.139486,733.7,137,728.53,14396.08
14,2025-11-03,149,OHL,Oriental Hotels Limited,720,731.9,700,724,10281,7398401.2,707.9,1100,633.1,2025-11-03T14:59:57.752642,724,85,719.61,8575.74
15,2025-11-03,152,NHPC,National Hydro Power Company Limited,200,204,195.2,197,40077,8005214.7,202,254,178.6,2025-11-03T14:59:55.774795,197,205,199.74,4858.88
16,2025-11-03,153,BPCL,Butwal Power Company Limited,780,787.5,756,775,130668,100171609.6,776,1065,375.1,2025-11-03T14:59:57.917764,775,473,766.61,26420.25
17,2025-11-03,154,CHCL,Chilime Hydropower Company Limited,500,509,495,496,31400,15698901.4,503,610,456,2025-11-03T14:59:59.339424,496,218,499.96,43560.69
18,2025-11-03,155,STC,Salt Trading Corporation,5280,5280.9,5185,5185,671,3499215,5189,6399,4832,2025-11-03T14:57:17.194885,5185,30,5214.92,16629.18
19,2025-11-03,156,BBC,Bishal Bazar Company Limited,4980,4980,4881,4947,231,1135107,4897.1,7247,4127.5,2025-11-03T14:59:58.601557,4947,20,4913.88,198374.7
20,2025-11-03,163,NUBL,Nirdhan Utthan Laghubitta Bittiya Sanstha Limited,765,765,752.6,755,4795,3634804,756,854.4,650,2025-11-03T14:57:01.990171,755,39,758.04,19721.2
21,2025-11-03,164,CBBL,Chhimek Laghubitta Bittiya Sanstha Limited,995,1020,995,1020,26898,26980520.4,998,1144.8,821.5,2025-11-03T14:59:54.043712,1020,212,1003.06,32796.53
22,2025-11-03,166,DDBL,Deprosc Laghubitta Bittiya Sanstha Limited,852,864,842.8,850,7558,6442304.6,852,1010,759,2025-11-03T14:55:30.841568,850,71,852.38,15880.43
23,2025-11-03,171,SANIMA,Sanima Bank Limited,318.1,326.4,318.1,321,106509,34350234.6,320,391,285,2025-11-03T14:59:28.563375,321,224,322.51,43596.7
24,2025-11-03,172,NABBC,Narayani Development Bank Limited,799.7,894,765,805,51441,44243903.1,816,2060,662,2025-11-03T14:59:14.058763,805,137,860.09,4225.73
25,2025-11-03,176,NICL,Nepal Insurance Co. Ltd.,540,571.2,520,544,13236,7209749.9,530,1064,489.1,2025-11-03T14:59:34.085133,544,133,544.7,13864.25
26,2025-11-03,177,RBCL,Rastriya Beema Company Limited,15290,15290,14985,14985,90,1352370,15000,18409,14024,2025-11-03T13:39:48.758283,14985,7,15026.33,39955.48
27,2025-11-03,178,NLICL,National Life Insurance Co. Ltd.,638.6,640,621.6,628,32964,20810241.7,637,738,539,2025-11-03T14:59:04.126504,628,139,631.3,34368.8
28,2025-11-03,179,HEI,Himalayan Everest Insurance Limited,497,512.9,490,500,13932,6930766.8,505,722,458,2025-11-03T14:59:54.097797,500,87,497.47,12500.79
29,2025-11-03,180,UAIL,United Ajod Insurance Limited,482,487,466,470,24912,11883398,479,767,422.1,2025-11-03T14:59:57.266356,470,204,477.01,10857
30,2025-11-03,182,SPIL,Siddhartha Premier Insurance Limited,700,714,687,693,20074,13865101.3,687,980.4,625,2025-11-03T14:59:58.834979,693,114,690.69,19449.39
31,2025-11-03,183,NIL,Neco Insurance Limited,591,617.1,588,605,8011,4849890.2,598,999,562,2025-11-03T14:59:18.882752,605,111,605.4,16283.77
32,2025-11-03,184,PRIN,Prabhu Insurance Ltd.,690,695,668,675,12244,8252732.3,684,1088.8,630,2025-11-03T14:58:53.047644,675,90,674.02,11481.45
33,2025-11-03,185,SALICO,Sagarmatha Lumbini Insurance Co. Limited,602.1,613.9,598.1,608,6180,3735916.6,608.5,818,570.1,2025-11-03T14:58:23.856957,608,44,604.51,15945.64
34,2025-11-03,186,IGI,IGI Prudential insurance Limited,435,443.6,425,433.9,35488,15329601.7,437,690.8,392,2025-11-03T14:53:31.788483,433.9,165,431.96,13144.28
35,2025-11-03,187,NLIC,Nepal Life Insurance Co. Ltd.,834,846,819,824.1,88330,73488360.1,835.1,920,702,2025-11-03T14:59:54.818347,824.1,525,831.97,74406.04
36,2025-11-03,188,LICN,Life Insurance Corporation (Nepal) Limited,874,888,858,875,20212,17603957.9,874,1606,773,2025-11-03T14:59:58.530915,875,209,870.96,48125
37,2025-11-03,192,SICL,Shikhar Insurance Co. Ltd.,648,648,637,640,5833,3729346,639,905,588.8,2025-11-03T14:58:12.171113,640,54,639.35,18707.83
38,2025-11-03,194,NFS,Nepal Finance Ltd.,662,670,650,652,11026,7287654.7,657.5,1605,576,2025-11-03T14:59:59.286507,652,130,660.95,5469.91
39,2025-11-03,204,GUFL,Gurkhas Finance Ltd.,538,561,530,539.1,40811,22380598.8,528,840,460.6,2025-11-03T14:59:49.146354,539.1,328,548.39,4679.35
40,2025-11-03,210,CIT,Citizen Investment Trust,1860,1899,1840,1850,10615,19672841.3,1865,2269,1730.8,2025-11-03T14:59:26.014193,1850,239,1853.3,119911.68
41,2025-11-03,213,BNT,Bottlers Nepal (Terai) Limited,11001,11001,10888,10888,55,602795,11000,15289.7,10660,2025-11-03T14:45:48.973477,10888,5,10959.9,13174.48
42,2025-11-03,219,UNL,Unilever Nepal Limited,47500,47500,47500,47500,10,475000,48000,50724,43800,2025-11-03T12:50:21.38237,47500,1,47500,43733.25
43,2025-11-03,227,BFC,Best Finance Company Ltd.,479.8,487,466.1,467,12631,6021897.7,471.5,951.6,411.5,2025-11-03T14:59:42.266501,467,132,476.75,4158.28
44,2025-11-03,232,GFCL,Goodwill Finance Limited,597,623,597,608,15408,9431932.6,597,1152.3,528.3,2025-11-03T14:59:58.376692,608,120,612.14,5752.38
45,2025-11-03,235,HDL,Himalayan Distillery Limited,1398.5,1408,1390,1390,76265,106669291.8,1397,1556.1,1136,2025-11-03T14:59:45.538513,1390,816,1398.66,42720.29
46,2025-11-03,236,PFL,Pokhara Finance Ltd.,401,412.8,397.2,403,13608,5528369.1,405,794.9,339.9,2025-11-03T14:59:48.301577,403,129,406.25,4362.7
47,2025-11-03,238,NMB,NMB Bank Limited,244.7,244.7,240.5,241,32308,7815771.6,242,283,230,2025-11-03T14:59:51.337267,241,96,241.91,44263.76
48,2025-11-03,244,SIFC,Shree Investment Finance Co. Ltd.,518,522.2,498,504.9,17322,8826173.4,512,728.1,459,2025-11-03T14:59:54.409598,504.9,133,509.53,5049
49,2025-11-03,245,CFCL,Central Finance Co. Ltd.,504,513,492,504.9,12041,6097471.4,502.8,745.9,445.1,2025-11-03T14:57:46.82892,504.9,99,506.39,4790.87
50,2025-11-03,250,JFL,Janaki Finance Company Limited,456,457,438.1,445,12152,5445464.4,448,1083.3,395,2025-11-03T14:59:21.168587,445,110,448.11,3072.6
51,2025-11-03,255,PRVU,Prabhu  Bank Limited,202.1,204,200.1,200.9,89975,18167270,203,257,186,2025-11-03T14:59:50.125455,200.9,275,201.91,47296.86
52,2025-11-03,256,SFCL,Samriddhi Finance Company Limited,415,445,413,426.7,47831,20488288.7,413,1117.9,373.1,2025-11-03T14:59:50.645992,426.7,364,428.34,3494.29
53,2025-11-03,263,GMFIL,Guheshowori Merchant Bank & Finance Co. Ltd.,485,504,473,483,41108,19939800.1,481.5,735.9,393.1,2025-11-03T14:58:51.143655,483,221,485.05,4888.81
54,2025-11-03,268,SWBBL,Swabalamban Laghubitta Bittiya Sanstha Limited,822,822,813.3,813.3,4784,3902777.2,822,1046.5,756.9,2025-11-03T14:59:44.785275,813.3,38,815.79,13473.33
55,2025-11-03,273,ICFC,ICFC Finance Limited,660,665,648.2,660,16333,10714267.4,656,821.1,555,2025-11-03T14:59:59.856126,660,126,655.98,7810.91
56,2025-11-03,274,EDBL,Excel Development Bank Ltd.,600,667,600,667,81822,50463949.7,606.5,838.2,530.7,2025-11-03T14:59:57.822701,667,162,616.75,8335.46
57,2025-11-03,307,NTC,Nepal Doorsanchar Company Limited,876,881.8,864.1,880,24545,21513252.6,877,1107,762.5,2025-11-03T14:59:57.747462,880,231,876.48,158400
58,2025-11-03,338,PROFL,Progressive Finance Limited,498,501,483.1,488,13949,6869017.9,494,768,421.4,2025-11-03T14:59:57.19033,488,91,492.43,4177.8
59,2025-11-03,341,GBIME,Global IME Bank Limited,236,237.9,233.1,233.4,106551,24949589.2,238,278.9,210.7,2025-11-03T14:59:43.138675,233.4,426,234.15,88962.4
60,2025-11-03,348,CZBIL,Citizens Bank International Limited,202,203.9,200.4,202,50517,10228909.5,202,247.5,196,2025-11-03T14:57:12.427231,202,150,202.48,31325.08
61,2025-11-03,357,PCBL,Prime Commercial Bank Ltd.,238,243.9,237,241,45704,10985832.7,241,291.9,226,2025-11-03T14:59:55.526528,241,139,240.36,46760.21
62,2025-11-03,358,LBBL,Lumbini Bikas Bank Ltd.,498,509,489,493,143701,71195740.3,497.1,646.3,376.5,2025-11-03T14:59:59.456902,493,450,495.44,17864.73
63,2025-11-03,360,AHPC,Arun Valley Hydropower Development Co. Ltd.,290,295,287,289.8,171557,49695824.2,293.9,334,239.3,2025-11-03T14:59:59.384281,289.8,522,289.67,11151.51
64,2025-11-03,371,MDB,Miteri Development Bank Limited,596,602,585,585,22079,13034263.3,596,843.5,530.5,2025-11-03T14:58:46.613552,585,123,590.34,7120.04
65,2025-11-03,385,ALICL,Asian Life Insurance Co. Limited,494,502,490,501,28449,14086983.4,499,831,430,2025-11-03T14:59:59.612064,501,170,495.16,25055.81
66,2025-11-03,393,HLI,Himalayan Life Insurance Limited,391,397,384,387,68022,26559622.9,390,517.9,354.8,2025-11-03T14:59:52.722564,387,387,390.45,35384.33
67,2025-11-03,396,NMLBBL,Nerude Mirmire Laghubitta Bittiya Sanstha Limited,662,668.5,651,654,17519,11522155.3,653,828.2,600,2025-11-03T14:59:52.773335,654,79,657.69,9141.38
68,2025-11-03,397,ADBL,Agricultural Development Bank Limited,320.3,320.3,312,317,26537,8347086.8,315,377,272.3,2025-11-03T14:59:56.807834,317,143,314.54,43921.06
69,2025-11-03,401,MLBL,Mahalaxmi Bikas Bank Ltd.,393.8,399,388.2,391.5,111138,43807249.7,386.4,488,348.9,2025-11-03T14:59:58.767049,391.5,470,394.16,16820.63
70,2025-11-03,403,SJLIC,SuryaJyoti Life Insurance Company Limited,441,452,436.6,439.1,26307,11649456,445,520.8,390,2025-11-03T14:59:45.510782,439.1,176,442.82,22007.46
71,2025-11-03,417,GBBL,Garima Bikas Bank Limited,422.9,422.9,416.2,417,71195,29780952.5,415.1,498,378.7,2025-11-03T14:59:56.114392,417,309,418.3,23687.76
72,2025-11-03,418,JBBL,Jyoti Bikas Bank Limited,337.5,337.5,324.1,326,35235,11595472.8,330.9,430.9,295,2025-11-03T14:59:45.773781,326,145,329.08,14330.26
73,2025-11-03,450,CORBL,Corporate Development Bank Limited,1750,1784,1715,1770,1938,3414921,1750,2842.3,950.6,2025-11-03T14:57:59.738594,1770,66,1762.08,9292.5
74,2025-11-03,459,KSBBL,Kamana Sewa Bikas Bank Limited,438.2,449.9,438.2,441.7,31973,14156506.1,445.9,588,404.1,2025-11-03T14:58:38.92321,441.7,112,442.76,17058.15
75,2025-11-03,469,NIMBPO,Nepal Investment Mega Bank Ltd. Promoter Share,162,162,161.7,161.7,10300,1667300,164.9,184.5,147.7,2025-11-03T14:26:55.213322,161.7,7,161.87,29603.29
76,2025-11-03,471,MPFL,Multipurpose Finance Company  Limited,549.1,559.9,539,544.1,21777,11997760.7,549,839.4,491,2025-11-03T14:59:45.469705,544.1,152,550.93,3320.1
77,2025-11-03,472,SADBL,Shangrila Development Bank Ltd.,410,419.9,406,410.5,35765,14696497,413.9,526.5,372.4,2025-11-03T14:59:30.176211,410.5,134,410.91,14598.43
78,2025-11-03,473,SHINE,Shine Resunga Development Bank Ltd.,419,427,415,417.7,29828,12505238.4,416,506,382,2025-11-03T14:57:17.988668,417.7,135,419.24,20365.81
79,2025-11-03,474,MNBBL,Muktinath Bikas Bank Ltd.,375,380.9,370,372,50929,19102580.9,374.3,503,349,2025-11-03T14:59:54.591464,372,240,375.08,29761.45
80,2025-11-03,490,FMDBL,First Micro Finance Laghubitta Bittiya Sanstha Limited,871,894,863.1,870,64205,55998743.6,886,1038.8,712,2025-11-03T14:59:57.836471,870,241,872.18,11700.38
81,2025-11-03,516,MFIL,Manjushree Finance Ltd.,601,622,593,596,26567,16082715.2,603,834,545,2025-11-03T14:59:57.826235,596,174,605.36,8055.26
82,2025-11-03,517,NBL,Nepal Bank Limited,257,257,249,253,45400,11483184.2,252,313,225.4,2025-11-03T14:59:58.287718,253,130,252.93,37175.88
83,2025-11-03,545,SLBBL,Swarojgar Laghubitta Bittiya Sanstha Ltd.,866,891,866,875,6612,5804476,879,1159.4,780,2025-11-03T14:59:59.717227,875,84,877.86,6859.34
84,2025-11-03,559,NLG,NLG Insurance Company Ltd.,729,749,725,744.7,19241,14136936,737,1380,660,2025-11-03T14:59:58.451916,744.7,129,734.72,19103.23
85,2025-11-03,561,SINDU,Sindhu Bikash Bank Ltd,711,737,711,720,8016,5791162,724.2,1482,608,2025-11-03T14:59:20.265261,720,130,722.45,4013.68
86,2025-11-03,574,SKBBL,Sana Kisan Bikas Laghubitta Bittiya Sanstha Limited,890,890,866,872,14068,12318456.3,875,999,780,2025-11-03T14:59:39.137758,872,121,875.63,37606.06
87,2025-11-03,587,RLFL,Reliance Finance Ltd.,451,461,439,441.3,19759,8867298,451.8,740,398,2025-11-03T14:59:55.351851,441.3,157,448.77,4948.97
88,2025-11-03,591,SHPC,Sanima Mai Hydropower Ltd.,526.3,531.9,518.5,520.8,84866,44473116.6,525,684.9,438.1,2025-11-03T14:59:59.862696,520.8,350,524.03,19467.47
89,2025-11-03,593,KMCDB,Kalika Laghubitta Bittiya Sanstha Ltd,1015,1054,995.1,1019.7,3258,3306028,1035.4,1270,936.6,2025-11-03T14:57:49.281212,1019.7,54,1014.74,4157.24
90,2025-11-03,601,MLBBL,Mithila LaghuBitta Bittiya Sanstha Limited,1470,1489,1470,1479,6704,9886496,1460,2019,1345,2025-11-03T14:59:22.056791,1479,75,1474.71,3311.97
91,2025-11-03,610,RIDI,Ridi Power Company Limited,240,240.6,233.2,236,68950,16251491.1,236.5,302,203.5,2025-11-03T14:59:51.868744,236,211,235.69,5483.11
92,2025-11-03,618,LLBS,Laxmi Laghubitta Bittiya Sanstha Ltd.,1020,1020,1000,1000,140,142121,1036,1367.3,865,2025-11-03T13:37:51.279293,1000,6,1015.15,4416.62
93,2025-11-03,623,GBBLPO,Garima Bikas Bank Limited Promoter Share,200,200,200,200,29000,5800000,200,218,193.4,2025-11-03T13:42:27.655578,200,1,200,20
94,2025-11-03,634,RBCLPO,Rastriya Beema Company Limited Promoter Share,12307,12307,12257,12257,90,1107052,12479,13530,11007.1,2025-11-03T14:56:16.670991,12257,5,12300.57,21772.06
95,2025-11-03,686,BARUN,Barun Hydropower Co. Ltd.,334,350,334,339.9,78040,26654305.1,332.5,589,292.1,2025-11-03T14:59:46.755281,339.9,365,341.54,3642.47
96,2025-11-03,687,VLBS,Vijaya laghubitta Bittiya Sanstha Ltd.,800,800.9,771.5,785,1148,906030.5,785.2,1008,737,2025-11-03T14:59:57.71312,785,28,789.22,5848.57
97,2025-11-03,693,HLBSL,Himalayan Laghubitta Bittiya Sanstha Limited,934,934,903,905,3675,3340634.3,917.1,1140,837,2025-11-03T14:59:32.456042,905,42,909.01,2894.35
98,2025-11-03,694,MATRI,Matribhumi Lagubitta Bittiya Sanstha Limited,1000,1020,996,1000,596,600170,1012,1482,950,2025-11-03T14:57:48.348813,1000,17,1006.99,6283.57
99,2025-11-03,695,JSLBB,Janautthan Samudayic Laghubitta Bittya Sanstha Limited,1231,1231,1182,1199.7,312,372389.2,1207.5,1860.4,1059,2025-11-03T14:59:39.514208,1199.7,8,1193.55,2040.59
100,2025-11-03,697,API,Api Power Company Ltd.,295.8,295.8,286.5,288,94495,27403349.4,292,335,246.2,2025-11-03T14:59:49.271614,288,298,289.99,17498.67
101,2025-11-03,700,HEIP,Himalayan Everest Insurance Limited Promoter,332.1,332.1,332.1,332.1,604,200588.4,337.9,563,321.1,2025-11-03T14:02:34.798046,332.1,2,332.1,888.38
102,2025-11-03,704,NMBMF,NMB  Microfinance Bittiya Sanstha Ltd.,674.1,678,665,670.4,1683,1126817.2,687,876,596,2025-11-03T14:58:31.535227,670.4,24,669.52,4836.6
103,2025-11-03,705,GILB,Global IME Laghubitta Bittiya Sanstha Ltd.,1246,1250,1210,1235,3229,3959477.5,1248,1441.6,1131.9,2025-11-03T14:59:31.439374,1235,58,1226.22,7643.42
104,2025-11-03,706,SWMF,Suryodaya Womi Laghubitta Bittiya Sanstha Limited,693.6,693.6,670,682,5355,3635142.4,680,897,641.1,2025-11-03T14:57:27.546263,682,51,678.83,7544.87
105,2025-11-03,733,MATRIP,Matribhumi Lagubitta Bittiya Sanstha Limited Promoter,545,545,545,545,9452,5151340,545,798,545,2025-11-03T12:58:46.651981,545,1,545,109
106,2025-11-03,1741,MERO,Mero Microfinance Bittiya Sanstha Ltd.,797.1,805,780,788,15222,12031431.3,813,1000,648,2025-11-03T14:59:58.087505,788,142,790.39,11181.72
107,2025-11-03,2742,HIDCL,Hydorelectricity Investment and Development Company Ltd,279.9,281.9,272.3,273.8,127510,35030519.3,277.7,340,225.4,2025-11-03T14:59:59.298175,273.8,302,274.72,67244.77
108,2025-11-03,2743,NGPL,Ngadi Group Power Ltd.,385.1,397,384,387.2,403121,156828514.7,391,571,250,2025-11-03T14:59:59.836332,387.2,738,389.03,14336.31
109,2025-11-03,2744,GRDBL,Green Development Bank Ltd.,1041.2,1078,1041.2,1061.8,13848,14777591.3,1056.9,2001.4,750.7,2025-11-03T14:59:07.019521,1061.8,125,1067.12,6049.06
110,2025-11-03,2746,NMFBS,National Laghubitta Bittiya Sanstha Limited,1270,1285,1261,1270,2466,3124074.1,1269.9,1639.5,1161,2025-11-03T14:54:57.103913,1270,37,1266.85,16911.43
111,2025-11-03,2748,RSDC,RSDC Laghubitta Bittiya Sanstha Ltd.,659,659,637,641,16476,10588798.5,659,880,586,2025-11-03T14:59:58.936871,641,141,642.68,6628.35
112,2025-11-03,2751,KKHC,Khanikhola Hydropower Co. Ltd.,256.1,262.5,249,251.9,35754,9061734.9,260,475.9,216,2025-11-03T14:59:57.439502,251.9,183,253.44,2346.27
113,2025-11-03,2754,DHPL,Dibyashwori Hydropower Ltd.,307,307,292,297.8,7973,2356646,301.4,427.2,249,2025-11-03T14:59:48.137963,297.8,56,295.57,786.19
114,2025-11-03,2757,AKPL,Arun Kabeli Power Ltd.,258,259,250,255,147594,37305372.6,257,306.5,216.1,2025-11-03T14:59:56.114774,255,360,252.75,9934.65
115,2025-11-03,2758,FOWAD,Forward Microfinance Laghubitta Bittiya Sanstha Limited,1147.2,1147.2,1105,1115,1333,1486754.9,1124.9,1552,1046.3,2025-11-03T14:59:55.179824,1115,32,1115.34,13334.88
116,2025-11-03,2759,SPDL,Synergy Power Development Ltd.,423,438,422.1,437,562831,243101561.2,423,465,307.7,2025-11-03T14:59:59.793891,437,1439,431.92,5287.1
117,2025-11-03,2760,UMHL,United Modi Hydropower Ltd.,542,550,532.3,535,197096,105979229.3,542,625,310,2025-11-03T14:59:59.923902,535,290,537.7,6583.18
118,2025-11-03,2761,SMATA,Samata Gharelu Laghubitta Bittiya Sanstha Limited,820.6,854.2,800,825.9,38006,31123940.6,837,1382,734.1,2025-11-03T14:59:58.176269,825.9,283,818.92,5195.34
119,2025-11-03,2766,CHL,Chhyangdi Hydropower Ltd.,253.1,267.2,253.1,258.9,64554,16670395.1,258.2,599.7,223.4,2025-11-03T14:59:58.2631,258.9,264,258.23,2003.77
120,2025-11-03,2767,HPPL,Himalayan Power Partner Ltd.,513.1,518,495.5,506.9,146250,73642313.4,518.9,711,331.4,2025-11-03T14:59:48.839791,506.9,630,503.53,5400.6
121,2025-11-03,2768,MSLB,Mahuli Laghubitta Bittiya Sanstha Limited,1387.9,1413.9,1335,1398.9,4537,6296617.4,1387.9,1851,1130.2,2025-11-03T14:59:58.878066,1398.9,72,1387.83,5174.86
122,2025-11-03,2769,NHDL,Nepal Hydro Developers Ltd.,700,710,679,700,8981,6285742.8,705,1002.6,592,2025-11-03T14:59:46.482436,700,51,699.89,2717.38
123,2025-11-03,2770,SEF,Siddhartha Equity Fund,9.4,9.4,9.05,9.23,92809,863782.32,9.22,11.5,8.97,2025-11-03T14:12:14.964127,9.23,21,9.3,1384.5
124,2025-11-03,2771,SMB,Support Microfinance Bittiya Sanstha Ltd.,2190,2207.9,2172,2207.9,723,1584575,2192,4026.2,1770,2025-11-03T14:59:55.717193,2207.9,28,2191.66,2703.43
125,2025-11-03,2774,USLB,Unnati Sahakarya Laghubitta Bittiya Sanstha Limited,2156,2270,1990,2100,40913,86779560.1,2200,2750,1441.2,2025-11-03T14:59:58.836824,2100,273,2121.07,5184.19
126,2025-11-03,2776,RADHI,Radhi Bidyut Company Ltd,769,780,751.1,775,321965,246199384,755.1,905.6,322.2,2025-11-03T14:59:59.791072,775,936,764.67,14252.09
127,2025-11-03,2781,WNLB,Wean Nepal Laghubitta Bittiya Sanstha Limited,2056.2,2092,2030.2,2032.1,625,1290268.9,2098,4271,1800,2025-11-03T14:59:22.909875,2032.1,38,2064.43,1713.89
128,2025-11-03,2784,NADEP,Nadep Laghubittiya bittya Sanstha Ltd.,778,778,765,765,2746,2105765.3,780,1067,696,2025-11-03T14:55:49.533537,765,38,766.84,3716.06
129,2025-11-03,2786,PMHPL,Panchakanya Mai Hydropower Ltd,347.5,358.5,338,353.8,108060,37478642.3,354.2,468,259.5,2025-11-03T14:59:55.722197,353.8,418,346.83,3891.8
130,2025-11-03,2787,KPCL,Kalika power Company Ltd,597.8,597.8,576.1,580.1,51424,29973834.4,601.5,711,490,2025-11-03T14:59:58.731087,580.1,228,582.87,5417.84
131,2025-11-03,2788,AKJCL,Ankhu Khola Jalvidhyut Company Ltd,199,200.9,195,195.2,36109,7127661.5,198.7,233.5,172.9,2025-11-03T14:59:32.136956,195.2,174,197.39,3904
132,2025-11-03,2789,JOSHI,Joshi Hydropower Development Company Ltd,319.2,326,310,311.5,24573,7778189.4,314,521.6,254,2025-11-03T14:59:54.238422,311.5,207,316.53,1908.9
133,2025-11-03,2790,ACLBSL,Aarambha Chautari Laghubitta Bittiya Sanstha Limited,1055,1055,1015,1020,923,948720,1035,1284.9,950,2025-11-03T14:54:52.779965,1020,23,1027.86,3744.86
134,2025-11-03,2792,UPPER,Upper Tamakoshi Hydropower Ltd,182.9,184.2,180.1,181,57523,10488096.9,182.5,230,166,2025-11-03T14:59:33.617033,181,284,182.32,38335.8
135,2025-11-03,2804,SLBSL,Samudayik Laghubitta Bittiya Sanstha Limited,1478,1478,1357.3,1397,17885,24651731.5,1508.1,3047,1234.5,2025-11-03T14:59:59.201561,1397,268,1378.34,2386.15
136,2025-11-03,2806,GHL,Ghalemdi Hydro Limited,220.1,228,218.5,219,83718,18581310.2,223.7,318,197,2025-11-03T14:59:42.979642,219,261,221.95,3613.5
137,2025-11-03,2807,ALBSL,Asha Laghubitta Bittiya Sanstha Ltd,965.6,1001.7,960,970,8476,8293144.4,985.3,1091,771,2025-11-03T14:58:34.467077,970,116,978.42,7110.55
138,2025-11-03,2809,SHIVM,SHIVAM CEMENTS LTD,591,617,590,613.1,619114,376824494.8,589,709,495,2025-11-03T14:59:59.765354,613.1,2050,608.65,33455.69
139,2025-11-03,2810,UPCL,UNIVERSAL POWER COMPANY LTD,382,392,378.5,380,226375,86962335.9,384,489,260,2025-11-03T14:59:58.549398,380,582,384.15,9443.47
140,2025-11-03,2811,MHNL,Mountain Hydro Nepal Limited,249,253.3,241,252.8,6644,1651351.5,253.3,316,226,2025-11-03T14:59:58.598247,252.8,51,248.54,3160
141,2025-11-03,2813,PPCL,Panchthar Power Compant Limited,327.1,332.9,322,331.9,42951,14018490,328,409.9,261.4,2025-11-03T14:59:59.666215,331.9,147,326.38,3194.54
142,2025-11-03,2815,GMFBS,Ganapati Laghubitta Bittiya Sanstha Limited,1616,1616,1535,1556,1345,2119894,1585,1980,1395,2025-11-03T14:58:42.831178,1556,21,1576.12,2358.19
143,2025-11-03,2824,HURJA,Himalaya Urja Bikas Company Limited,232.3,239.9,230.3,231,117836,27607854.7,237,283.4,204.6,2025-11-03T14:59:58.180362,231,310,234.29,4573.8
144,2025-11-03,2826,GLBSL,Gurans Laghubitta Bittiya Sanstha Limited,2081,2081,2021,2040,2147,4390853.9,2081,3486,1814.3,2025-11-03T14:59:17.935339,2040,48,2045.11,2700.11
145,2025-11-03,2828,SAND2085,10% Sanima Bank Limited Debenture,1142,1142,1142,1142,100,114200,1135,1189,1069.2,2025-11-03T12:24:23.294753,1142,1,1142,2284
146,2025-11-03,2829,SMFBS,Swabhimaan Laghubitta Bittiya Sanstha Limited,1790,1808,1740,1740,444,779077.2,1775,2426.4,1490,2025-11-03T14:53:15.514574,1740,12,1754.67,2669.95
147,2025-11-03,2831,UNHPL,Union Hydropower Limited,539.5,546.6,529,534,439125,236265547.5,529,549,263.9,2025-11-03T14:59:58.845893,534,1143,538.03,4005
148,2025-11-03,2832,ILBS,Infinity Laghubitta Bittiya Sanstha Limited,1165.3,1195,1142.2,1142.2,4728,5465548.7,1189,1311,795.2,2025-11-03T14:59:28.524556,1142.2,67,1155.99,5681.49
149,2025-11-03,2835,NBF2,NABIL BALANCED FUND-2,9.26,9.26,9.09,9.22,57660,527666.1,9.27,11.1,8.86,2025-11-03T14:46:02.508754,9.22,12,9.15,1032.64
150,2025-11-03,2841,RHPL,RASUWAGADHI HYDROPOWER COMPANY LIMITED,271,276,270,272,23804,6469237.4,273.6,527,252.3,2025-11-03T14:57:38.130936,272,183,271.77,18610.51
151,2025-11-03,2842,SJCL,SANJEN JALAVIDHYUT COMPANY LIMITED,281.1,295.8,281.1,287.6,7194,2078033.6,285,393.7,267,2025-11-03T14:59:42.653607,287.6,63,288.85,10497.4
152,2025-11-03,2854,NBBD2085,10.25% NBBL Debenture 2085,1130,1167,1130,1167,120,140024.6,1130,1199.9,1078.6,2025-11-03T14:55:50.796696,1167,7,1166.87,2334
153,2025-11-03,2859,SIGS2,Siddhartha Investment Growth Scheme - 2,9.3,9.37,9.3,9.37,9000,83980,9.19,11.7,8.9,2025-11-03T14:02:43.537952,9.37,2,9.33,1124.4
154,2025-11-03,2860,SAPDBL,Saptakoshi Development Bank Ltd,806,829.8,806,820,40443,33273019.5,821,1622.7,614,2025-11-03T14:59:59.627383,820,256,822.71,6841.58
155,2025-11-03,2862,CMF2,CITIZENS MUTUAL FUND 2,9.23,9.23,9.23,9.23,100,923,9.23,10.86,8.64,2025-11-03T13:17:47.35831,9.23,1,9.23,516.88
156,2025-11-03,2863,NICBF,NIC Asia Balanced Fund,9.01,9.01,9,9,5000,45010,8.84,10.6,8.55,2025-11-03T12:44:10.030592,9,2,9,679.5
157,2025-11-03,2867,NMB50,NMB 50,10.2,10.2,10.12,10.12,6200,62752,10.3,11.93,9.75,2025-11-03T14:36:55.112597,10.12,5,10.12,1265
158,2025-11-03,2872,SBLD2082,10.50% SBL Debenture 2082,1060,1060,1050.5,1050.5,100,105525,1063.3,1180,1038,2025-11-03T14:55:34.637558,1050.5,4,1055.25,2271.77
159,2025-11-03,2880,HDHPC,Himal Dolakha Hydropower Company Limited,183,185.4,180.1,181,77014,14040666.6,182.5,228.8,162,2025-11-03T14:59:53.193322,181,292,182.31,5068
160,2025-11-03,2881,NRIC,Nepal Reinsurance Company Limited,1365,1407,1365,1379,86270,119015339.8,1390,1842,722,2025-11-03T14:59:59.214614,1379,548,1379.56,185091.96
161,2025-11-03,2886,ADBLD83,10.35% Agricultural Bank Debenture 2083,1111,1111,1111,1111,100,111100,1100,1160,1046,2025-11-03T14:35:10.764795,1111,1,1111,2777.5
162,2025-11-03,2887,NICLBSL,NIC ASIA Laghubitta Bittiya Sanstha Limited,564,580,564,573.9,9622,5524661.1,570,775,535,2025-11-03T14:59:58.463538,573.9,123,574.16,9982.65
163,2025-11-03,2890,SBIBD86,10% Nepal SBI Bank Debenture 2086,1180,1180,1180,1180,89,105020,1168,1190,1050,2025-11-03T12:24:33.331866,1180,1,1180,2399.99
164,2025-11-03,2892,NBLD82,10% Nabil Debenture 2082,1074,1100,1074,1088,210,230459,1074,1248,1042.5,2025-11-03T14:23:14.225479,1088,7,1097.42,2176
165,2025-11-03,2896,SMPDA,Sampada Laghubitta Bittiya Sanstha Limited,900.4,963,900.4,938,9651,8904289.1,918.7,1205,840,2025-11-03T14:59:54.779675,938,127,922.62,6574.05
166,2025-11-03,2898,NRN,NRN Infrastructure and Development Limited,2050,2099,2017,2095,164411,339492523.6,2038,2444,893,2025-11-03T14:59:58.52712,2095,677,2064.9,26907.6
167,2025-11-03,2902,LUK,Laxmi Unnati Kosh,9.38,9.4,9.38,9.4,25000,234940,9.3,11.97,8.98,2025-11-03T12:12:15.791523,9.4,5,9.39,613.47
168,2025-11-03,2903,LEC,Liberty Energy Company Limited,207,212,202,204,100468,20671149,209.7,282.5,180,2025-11-03T14:59:53.25512,204,260,205.74,4590
169,2025-11-03,2904,PBLD84,10% Prabhu Bank Debenture 2084 ,1122,1130,1122,1122,1208,1360383,1100,1144,1062.1,2025-11-03T13:14:57.474929,1122,5,1126.14,2244
170,2025-11-03,2907,SSHL,Shiva Shree Hydropower Ltd,179,179.4,175.5,178,70750,12541379.9,176,313.8,156,2025-11-03T14:57:49.665885,178,207,177.26,5255.98
171,2025-11-03,2908,SGIC,Sanima GIC Insurance Limited,489,494,481.1,486.9,21456,10455366.8,487.9,817.1,439,2025-11-03T14:59:57.296983,486.9,155,487.29,10468.35
172,2025-11-03,2913,MEN,Mountain Energy Nepal Limited,623.3,642,623.3,626.2,40644,25643130.2,636,758,552.4,2025-11-03T14:59:49.812508,626.2,200,630.92,16298.21
173,2025-11-03,2914,UMRH,United IDI Mardi RB Hydropower Limited.,572.3,579,567,571,12883,7368650.3,574.5,790,485,2025-11-03T14:58:52.811893,571,56,571.96,2631.31
174,2025-11-03,2915,PMLI,Prabhu Mahalaxmi Life Insurance Limited,500,513,486.2,499.4,31405,15607891.3,510,665,445,2025-11-03T14:59:43.61925,499.4,202,496.98,25487.62
175,2025-11-03,2917,CGH,Chandragiri Hills Limited,892,913,891.8,910,49209,44186539.7,910,1150,800.2,2025-11-03T14:59:54.755146,910,233,897.93,13960.23
176,2025-11-03,2919,NIFRA,Nepal Infrastructure Bank Limited,274,278.5,270,270.8,151764,41389368.9,275.9,328.1,240.1,2025-11-03T14:59:58.224398,270.8,585,272.72,58492.8
177,2025-11-03,2923,SLCF,Sanima Large Cap Fund,9.07,9.07,9.05,9.05,6300,57120,9.1,11.99,8.6,2025-11-03T13:36:54.724083,9.05,4,9.06,1086
178,2025-11-03,2924,GLH,GreenLife Hydropower Limited,274,274,260,263.9,33963,8966488.9,270,306.3,227.4,2025-11-03T14:57:47.472181,263.9,179,264,4750.2
179,2025-11-03,2925,MLBSL,Mahila Lagubitta Bittiya Sanstha Limited ,2065,2075,2040,2044.3,1043,2143539.3,2093,2648.7,1892,2025-11-03T14:59:41.11567,2044.3,34,2055.16,4447.63
180,2025-11-03,2933,KEF,Kumari Equity Fund,9.1,9.18,9,9.14,22250,202517.5,9,10.42,8.25,2025-11-03T14:55:00.395526,9.14,20,9.1,914
181,2025-11-03,2934,SHEL,Singati Hydro Energy Limited,300,302.7,291,300.1,285469,85049511.8,299,347.8,227.4,2025-11-03T14:59:59.852012,300.1,593,297.92,8702.9
182,2025-11-03,2935,RURU,Ru Ru Jalbidhyut Pariyojana Limited,727,733,715,730.5,44081,32026592.5,727,853,640,2025-11-03T14:59:44.660172,730.5,107,726.53,4144.29
183,2025-11-03,2936,NCCD86,9.5% NCC Debenture 2086,1161,1161,1161,1161,50,58050,1161,1180,1040.2,2025-11-03T13:30:14.310506,1161,1,1161,3483
184,2025-11-03,2937,SBCF,Sunrise Bluechip Fund,9.02,9.38,9.02,9.37,21560,201937,9.2,12.03,8.7,2025-11-03T14:06:54.839859,9.37,10,9.36,1171.25
185,2025-11-03,3946,CHDC,CEDB Holdings Limited,2293,2380,2293,2364,51577,121348671.9,2338,2997.9,1545.3,2025-11-03T14:59:58.678233,2364,463,2352.76,24449.37
186,2025-11-03,4947,PSF,Prabhu Select Fund,10.18,10.25,10.18,10.25,1000,10208,10.2,11.9,9.47,2025-11-03T14:22:42.740061,10.25,3,10.2,1281.25
187,2025-11-03,4949,NIBSF2,NIBL Samriddhi Fund -2,8.67,8.67,8.35,8.53,4811,41394.57,8.5,9.58,8.01,2025-11-03T14:46:01.103629,8.53,10,8.6,1279.5
188,2025-11-03,4951,JBLB,Jeevan Bikas Laghubitta  Bittya Sanstha Ltd,1432,1450,1424,1430,4330,6215426,1435,1705,1270.7,2025-11-03T14:59:53.798105,1430,103,1435.43,21967.25
189,2025-11-03,4959,NBLD87,8.5% Nepal Bank Debenture 2087,1091.1,1140,1091.1,1140,177,201746,1091.1,1140,1010.1,2025-11-03T13:49:37.718999,1140,5,1139.8,3990
190,2025-11-03,4961,BOKD86,8.5% BOK Debenture 2086,1133,1133,1133,1133,159,180147,1130,1133,1005.5,2025-11-03T12:33:34.162275,1133,2,1133,1812.8
191,2025-11-03,4962,PBLD87,8.5% Prabhu Bank Debenture 2087,1132.2,1141,1132.2,1141,276,314036,1110,1141,1000,2025-11-03T12:59:37.66545,1141,6,1137.81,3023.65
192,2025-11-03,4963,NMBD87/88,NMB Debenture 8.50% - 2087/88,1092,1141,1092,1141,101,115207,1092,1141,1010,2025-11-03T12:46:15.530471,1141,3,1140.66,2282
193,2025-11-03,4967,NICSF,NIC Asia Select Fund 30,8.85,8.92,8.6,8.7,21400,186197,8.75,10.4,8.53,2025-11-03T14:47:14.582364,8.7,18,8.7,1087.5
194,2025-11-03,4968,RMF1,RBB Mutual Fund 1,9.19,9.37,9.01,9.15,28900,269143.6,9.2,11.4,8.38,2025-11-03T14:55:40.389396,9.15,21,9.31,1143.75
195,2025-11-03,4969,MND84/85,Muktinath Debenture 2084/85,1119.5,1119.5,1119.5,1119.5,200,223900,1097.6,1120,1015,2025-11-03T12:22:56.043082,1119.5,2,1119.5,1399.38
196,2025-11-03,5982,SRLI,Sanima Reliance Life Insurance Limited,403,411,394.5,399,51502,20706590.6,403,480,363.9,2025-11-03T14:59:59.891467,399,347,402.05,20009.55
197,2025-11-03,6984,PBD85,8.75 % Prime Debenture 2085,1105,1109,1105,1109,245,271329.75,1085.5,1109,1020.6,2025-11-03T12:48:07.283916,1109,5,1107.46,2714.79
198,2025-11-03,6985,SDBD87,Shangri-la Development Bank Debenture 2087,1122.1,1144.5,1122.1,1126,23,26044,1100.1,1165,1025.6,2025-11-03T13:38:51.708704,1126,3,1132.34,844.5
199,2025-11-03,7985,MBLD87,8.5% Machhapuchchhre Debenture 2087,1117,1117,1117,1117,25,27925,1139.2,1141,1020,2025-11-03T12:51:48.467782,1117,1,1117,2517.16
200,2025-11-03,7986,NICD88,NIC ASIA Rinpatra 2088,1130,1130,1130,1130,25,28250,1138,1138,1006,2025-11-03T14:29:06.833057,1130,1,1130,1778.48
201,2025-11-03,8004,GBILD86/87,Global IME Bank Limited Debenture 2086/87,1104,1129,1104,1129,105,118470,1104,1129,994,2025-11-03T13:36:51.477857,1129,4,1128.28,3387
202,2025-11-03,8005,MKJC,Mailung Khola Jal Vidhyut Company Limited,582.2,593.6,577.1,593,58973,34550511.1,594,635,475.4,2025-11-03T14:59:58.832261,593,191,585.86,2231.58
203,2025-11-03,8018,MLBS,Manushi Laghubitta Bittiya Sanstha Limited,1613,1613,1565,1590,867,1380610,1631.9,2530,1395,2025-11-03T14:59:59.15769,1590,23,1592.39,1739.06
204,2025-11-03,8020,JBBD87,Jyoti Bikash Bank Bond 2087,1122,1169,1122,1169,275,320300,1115,1182,1033,2025-11-03T12:52:19.220877,1169,6,1164.72,1753.5
205,2025-11-03,8021,SAHAS,Sahas Urja Limited,674,675.9,662,665,204249,136448747.2,672.1,705,463,2025-11-03T14:59:58.918177,665,689,668.05,25137
206,2025-11-03,8022,TPC,Terhathum Power Company Limited,341,346.6,331,334,120910,41029994.3,334.4,671.6,270.1,2025-11-03T14:59:58.819525,334,435,339.34,2672
207,2025-11-03,8023,MMF1,Mega Mutual Fund -1,8.9,8.9,8.55,8.74,43301,372647.88,8.79,9.95,8.05,2025-11-03T14:21:41.166755,8.74,34,8.6,1092.5
208,2025-11-03,8024,NBF3,Nabil Balanced Fund-3,8.76,9,8.76,8.99,10930,97442.9,8.9,10.67,8.61,2025-11-03T14:59:17.920793,8.99,19,8.91,1123.75
209,2025-11-03,8025,SPC,Samling Power Company Limited,475,488.9,475,476.5,5139,2454102.6,480,722,441,2025-11-03T14:59:49.278991,476.5,62,477.54,2382.5
210,2025-11-03,8026,NYADI,Nyadi Hydropower Limited,420,425,409.3,412,8485,3518548.4,421.9,880,302.1,2025-11-03T14:59:57.269776,412,76,414.67,6180
211,2025-11-03,8031,MBJC,Madhya Bhotekoshi Jalavidyut Company Limited,290,290,280,285,18438,5219152.3,284.5,410,270,2025-11-03T14:59:57.691645,285,237,283.06,17100
212,2025-11-03,8032,BNHC,Buddha Bhumi Nepal Hydropower Company Limited,435,447,430,438.6,9654,4229907.5,439,608,393,2025-11-03T14:59:46.787072,438.6,78,438.15,1754.4
213,2025-11-03,8033,GBBD85,Garima Debenture, 2085,1086.1,1100,1085,1100,227,247867.5,1085,1131.4,1010,2025-11-03T12:29:53.193874,1100,5,1091.92,1100
214,2025-11-03,8034,ENL,Emerging Nepal Limited,923,945,918,930,1319,1224132,925,1452,866,2025-11-03T14:59:19.639284,930,28,928.07,5167.08
215,2025-11-03,8041,NESDO,NESDO Sambridha Laghubitta Bittiya Sanstha Limited,1501,1520,1486.2,1510,556,832635.1,1501.1,2522,1380.1,2025-11-03T14:49:44.554121,1510,26,1497.54,4399.2
216,2025-11-03,8043,CBLD88,Civil Bank Debenture 2088,1224,1245,1224,1245,822,1022865,1200,1254.2,1080.2,2025-11-03T12:13:29.130245,1245,2,1244.36,3735
217,2025-11-03,8044,EBLD86,Everest Bank Limited,1093,1123,1093,1123,240,267367,1115,1136.2,1000,2025-11-03T13:07:44.238672,1123,6,1114.02,962.17
218,2025-11-03,8045,GVL,Green Ventures Limited,534,534,511.1,517,53319,27678681,525.5,662,424,2025-11-03T14:59:56.244714,517,230,519.11,17771.88
219,2025-11-03,8055,BHL,Balephi Hydropower Limited,190,190,184.2,185.8,101233,18895276.9,187,520,164,2025-11-03T14:59:54.879178,185.8,396,186.65,6792.74
220,2025-11-03,8063,ULBSL,Upakar Laghubitta Bittiya Sanstha Limited,3796.6,4014.9,3735,3976.9,3280,12599964,3874,6600,2931,2025-11-03T14:59:58.841516,3976.9,90,3841.45,4221.41
221,2025-11-03,8065,CYCL,CYC Nepal Laghubitta Bittiya Sanstha Limited,1599.2,1615,1599,1609,1761,2829129.6,1629,2040,1473,2025-11-03T14:51:10.085194,1609,45,1606.54,4286.77
222,2025-11-03,8066,RFPL,River Falls Power Limited,348.5,378,348.5,364.5,41885,15304669.6,348.1,1484,306,2025-11-03T14:59:59.925721,364.5,364,365.39,5103
223,2025-11-03,8068,CCBD88,Century Debenture 2088,1254,1254,1230,1230,130,161885,1243.1,1268,1074.7,2025-11-03T13:20:22.074939,1230,6,1245.26,2706
224,2025-11-03,8070,DORDI,Dordi Khola Jal Bidyut Company Limited,270.3,270.3,255.1,257,146825,38237245,265,696,213.1,2025-11-03T14:59:55.413028,257,626,260.42,5418.9
225,2025-11-03,8073,NICFC,NIC Asia Flexi CAP Fund,8.8,8.91,8.7,8.73,9425,82475,8.84,10.4,8.6,2025-11-03T14:58:36.340697,8.73,19,8.75,89.05
226,2025-11-03,8074,KDBY,Kumari Dhanabriddhi Yojana,8.82,9.1,8.82,9.05,12250,111243,9,10.57,8.67,2025-11-03T14:46:10.306544,9.05,13,9.08,36.2
227,2025-11-03,8075,BHDC,Bindhyabasini Hydropower Development Company Limited,525,527.8,515,524.9,73696,38380822.4,533.9,760.2,426,2025-11-03T14:59:59.472993,524.9,265,520.79,5930.32
228,2025-11-03,8076,HHL,Himalayan Hydropower Limited,356,360,345,346,29710,10403484.7,352.7,635,310.7,2025-11-03T14:59:54.999263,346,157,350.16,3788.7
229,2025-11-03,8097,PBD88,10% Prime Debenture 2088,1203,1240,1203,1217,430,529890,1180,1255,1077,2025-11-03T13:43:16.23879,1217,7,1232.3,2119.87
230,2025-11-03,8099,UHEWA,Upper Hewakhola Hydropower Company Limited,577,612,577,595,22780,13390562.5,577,993.4,488,2025-11-03T14:59:22.616027,595,162,587.82,2975
231,2025-11-03,8100,SGHC,Swet-Ganga Hydropower & Construction Limited ,345.2,352,330,341.5,6932,2326154,345.2,649.5,296,2025-11-03T14:59:46.807857,341.5,75,335.56,5440.1
232,2025-11-03,8102,MHL,Mandakini Hydropower Limited,495,504,483,487,35598,17620451.3,491.5,1088,445,2025-11-03T14:59:56.875167,487,189,494.98,3149.76
233,2025-11-03,8104,USHEC,Upper Solu Hydro Electric Company Limited,475,475,463,469,15642,7327256.4,472,752,410,2025-11-03T14:59:52.319729,469,84,468.43,6331.5
234,2025-11-03,8106,GIBF1,Global IME Balanced Fund-1,10.05,10.09,10.05,10.09,1300,13113,10.14,11.68,9.11,2025-11-03T13:23:01.353182,10.09,3,10.08,1035
235,2025-11-03,8108,RHGCL,Rapti Hydro And General Construction Limited,264,269,253.1,257.5,53881,13874624.5,264,708,217.2,2025-11-03T14:59:59.333284,257.5,268,257.5,3155.89
236,2025-11-03,8111,HIDCLP,Hydorelectricity Investment and Development Company Limited Promoter,190,193,187.4,188,273495,51793889.2,190,239,153.9,2025-11-03T14:59:59.679838,188,364,189.37,6204
237,2025-11-03,8117,AVYAN,Aviyan Laghubitta Bittiya Sanstha Limited,999.6,1029.5,979.9,999,1826,1813722,1019.9,1306.8,905,2025-11-03T14:59:58.750598,999,48,993.27,2497.5
238,2025-11-03,8119,EBLD85,10.50% Everest Bank Limited Debenture 2085,1142.1,1164.9,1142.1,1164.9,150,172455,1142.1,1200,1099.7,2025-11-03T14:13:03.637185,1164.9,2,1149.7,2329.8
239,2025-11-03,8121,SPHL,Sayapatri Hydropower Limited,519.4,553.4,515,529,22178,11669134.8,530,922,477.1,2025-11-03T14:59:40.101783,529,107,526.15,1587
240,2025-11-03,8122,PPL,People's Power Limited,336,342,328.8,334,152760,51132488.6,342.1,648.6,263.2,2025-11-03T14:59:27.988929,334,540,334.72,3169.33
241,2025-11-03,8123,DLBS,Dhaulagiri Laghubitta Bittiya Sanstha Limited,1400,1400,1347,1347,1388,1899034.5,1410,2250,1240,2025-11-03T14:59:43.190975,1347,59,1368.18,1792.86
242,2025-11-03,8125,NSIF2,NMB Sulav Investment Fund - 2,10.05,10.16,10.02,10.02,23100,232211,10.05,11.93,9.75,2025-11-03T13:43:05.517238,10.02,10,10.05,1223.44
243,2025-11-03,8126,SIKLES,Sikles Hydropower Limited,645.4,698.4,645.4,659,48447,31987427.5,658.5,1475,606.5,2025-11-03T14:59:58.754444,659,265,660.25,5601.5
244,2025-11-03,8127,KBLD89,11% KBL Debenture 2089,1260,1297,1260,1297,211,272710,1274.2,1304.5,1107,2025-11-03T12:30:15.506781,1297,5,1292.46,3891
245,2025-11-03,8131,EHPL,Eastern Hydropower Limited,453,453,415.8,415.8,54220,22566609,462,937,415.8,2025-11-03T14:59:50.404541,415.8,328,416.2,2577.96
246,2025-11-03,8132,SHLB,Shrijanshil Laghubitta Bittiya Sanstha Limited,1961,1961,1850,1863.3,1440,2707470.2,1925,2907,1710.1,2025-11-03T14:59:52.7121,1863.3,32,1880.18,2037.98
247,2025-11-03,8133,PHCL,Peoples Hydropower Company Limited,395,395,372.1,376.5,33780,12786604.3,395,745.6,318,2025-11-03T14:59:59.674863,376.5,234,378.52,12048
248,2025-11-03,9135,BHPL,Barahi Hydropower Public Limited,690,715,660,681.1,5920,3974762.3,696,1308.4,651,2025-11-03T14:59:51.877936,681.1,84,671.41,1702.75
249,2025-11-03,9138,NIBLGF,NIBL Growth Fund,8.5,8.51,8.5,8.51,1500,12761,8.53,10.09,7.84,2025-11-03T14:12:15.491241,8.51,5,8.5,1123.32
250,2025-11-03,9139,SAGF,Sanima Growth Fund,9.33,9.38,9.15,9.38,6900,64463,9.15,11,8.92,2025-11-03T14:58:25.517947,9.38,8,9.34,630.84
251,2025-11-03,9140,UNLB,Unique Nepal Laghubitta Bittiya Sanstha Limited,2020,2040,1960,2017,1959,3887096.1,2040,3223,1818.4,2025-11-03T14:59:32.577368,2017,39,1984.22,2996.76
252,2025-11-03,9141,NIFRAUR85/86,NIFRA Uraj Rinpatra7%-2085/86,1045,1045,1045,1045,25,26125,1037.1,1050.8,955,2025-11-03T14:40:20.514952,1045,1,1045,2392.85
253,2025-11-03,9146,SMHL,Super Madi Hydropower Limited,879,885,830,842,14909,12504376.2,879,1657,663,2025-11-03T14:59:59.341906,842,140,838.71,18566.1
254,2025-11-03,9147,SPL,Shuvam Power Limited,940.1,950.1,931,950,1668,1572682.4,958.5,1102.2,765,2025-11-03T14:59:55.774204,950,32,942.85,1900
255,2025-11-03,9148,SMH,Super Mai Hydropower Limited,786,799.9,770,784,1512,1175711.6,786.1,1283,746.3,2025-11-03T14:59:35.658153,784,32,777.58,4194.4
256,2025-11-03,9149,MKHC,Maya Khola Hydropower Company Limited,383,389.5,373.5,374.5,4792,1817329.5,381,627,334.2,2025-11-03T14:59:49.67409,374.5,58,379.24,3745
257,2025-11-03,9150,AHL,Asian Hydropower Limited,611,623.2,599,605,10071,6095282.6,623,891,577.4,2025-11-03T14:59:43.864739,605,112,605.23,2057
258,2025-11-03,9151,KDL,Kalinchowk Darshan Limited,920,928.9,911.1,928,434,398435.9,917,1306.3,881.1,2025-11-03T14:59:56.77438,928,22,918.05,5568
259,2025-11-03,9152,EBLEB89,Everest Bank Limited Energy Bond, 2089,1054,1108,1054,1108,254,281279,1054,1108,996.1,2025-11-03T14:59:43.58741,1108,6,1107.39,827.49
260,2025-11-03,9154,SFEF,Sunrise Focused Equity Fund,8.93,9.18,8.93,9.13,1700,15536,9,11.12,8.82,2025-11-03T14:24:27.547697,9.13,7,9.13,913
261,2025-11-03,9156,TAMOR,Sanima Middle Tamor Hydropower Limited,495,495,475.8,484,12720,6141974.5,489,637,443,2025-11-03T14:59:18.777193,484,139,482.85,16129.3
262,2025-11-03,9158,MHCL,Molung Hydropower Company Limited,411,425,405,412.9,5663,2330099.7,419,655,363,2025-11-03T14:59:50.648034,412.9,69,411.46,3313.52
263,2025-11-03,9159,SMJC,Sagarmatha Jalabidhyut Company Limited,510.1,520,503.8,503.8,11423,5848696.2,519,735,480,2025-11-03T14:59:52.8808,503.8,140,512.01,5910.58
264,2025-11-03,9161,ANLB,Aatmanirbhar Laghubitta Bittiya Sanstha Limited,6164.2,6186.9,6100,6186.9,577,3530614.4,6290,6800,4550,2025-11-03T14:58:20.127376,6186.9,31,6118.91,4847.02
265,2025-11-03,9166,MAKAR,Makar Jitumaya Suri Hydropower Limited,580,580,553,559.9,3068,1714502,568.9,860,520,2025-11-03T14:59:58.107477,559.9,47,558.83,4255.24
266,2025-11-03,9167,MKHL,Mai Khola Hydropower Limited,777,785,762.2,785,3272,2521416,792.2,1027,526.4,2025-11-03T14:59:59.731605,785,47,770.6,3078.43
267,2025-11-03,9170,DOLTI,Dolti Power Company Limited,510,529.1,510,519.9,2067,1069805,518.8,1017,470.6,2025-11-03T14:59:09.436416,519.9,42,517.56,2789.19
268,2025-11-03,9171,BEDC,Bhugol Energy Development Company Limited,595.6,595.6,560,569,19181,10864983.9,584,1080,467.2,2025-11-03T14:59:58.130935,569,143,566.44,3095.66
269,2025-11-03,9173,CITY,City Hotel Limited,542,552,536,542,4402,2389874.2,542,1025,502.8,2025-11-03T14:59:51.19212,542,60,542.9,16331.54
270,2025-11-03,9174,PRSF,Prabhu Smart Fund,10.4,10.4,10.23,10.27,14500,149324,10.23,12.05,9.67,2025-11-03T14:59:00.818701,10.27,8,10.29,1027
271,2025-11-03,9175,MCHL,Menchhiyam Hydropower Limited,498,528,490,502,5210,2581448,488.5,714,450.4,2025-11-03T14:59:50.43668,502,61,495.47,2723.77
272,2025-11-03,9176,IHL,Ingwa Hydropower Limited,539,546.9,524,527.3,8052,4307053.8,530,838,490,2025-11-03T14:59:57.072178,527.3,76,534.9,3163.8
273,2025-11-03,9177,SCBD,10.30% Standard Chartered Bank Limited Debenture,1177,1221,1177,1200.5,220,268160,1177,1221,1060.9,2025-11-03T13:16:20.378194,1200.5,5,1218.9,2881.2
274,2025-11-03,9178,RMF2,RBB Mutual Fund 2,9.05,9.1,9.05,9.1,800,7271,9.1,10.58,8.73,2025-11-03T14:32:48.371594,9.1,4,9.08,769.97
275,2025-11-03,9179,MEL,Modi Energy Limited,283,288.6,278,281,12291,3460498.1,286.9,393,260,2025-11-03T14:59:56.236559,281,143,281.54,8149
276,2025-11-03,9180,NMBD89/90,NMB Debenture 10.75%-2089/90,1260,1310.7,1260,1310.7,50,65509.3,1260,1310.7,1068.4,2025-11-03T12:51:54.047853,1310.7,2,1310.18,5242.8
277,2025-11-03,9181,RAWA,Rawa Energy Development Limited,715,744.5,710.5,741.1,968,702964,716.1,990,686,2025-11-03T14:59:57.219451,741.1,32,726.2,2075.08
278,2025-11-03,9182,SIGS3,Siddhartha Investment Growth Scheme 3,9.2,9.36,9.18,9.36,3000,27853,9.35,11.46,8.5,2025-11-03T14:41:55.742307,9.36,8,9.28,754.23
279,2025-11-03,9183,NRM,Nepal Republic Media Limited,440,448.7,431.2,434,45488,20024678.6,440,645,390.1,2025-11-03T14:59:52.505301,434,311,440.21,4198.95
280,2025-11-03,9184,ILI,IME Life Insurance Company Limited,468,468.7,457.5,457.6,26753,12363115.8,463.2,530,405,2025-11-03T14:59:59.144611,457.6,295,462.12,22880
281,2025-11-03,9191,C30MF,Citizens Super 30 Mutual Fund,9.08,9.24,9.08,9.24,10100,92790,9.22,10.71,8.65,2025-11-03T14:57:47.352873,9.24,7,9.18,693.67
282,2025-11-03,9192,USHL,Upper Syange Hydropower Limited,718.9,724.8,703.7,715,1685,1197606.4,718.9,905,588,2025-11-03T14:58:27.200078,715,27,710.74,1573
283,2025-11-03,9193,GCIL,Ghorahi Cement Industry Limited,440,451.6,436,440.5,23610,10477561.6,437.5,613,400,2025-11-03T14:59:57.450994,440.5,238,443.77,20120.66
284,2025-11-03,9194,TSHL,Three Star Hydropower Limited,704.1,720,700,705,3284,2323440.7,704,1169.9,616.8,2025-11-03T14:59:22.773592,705,53,707.5,3472.13
285,2025-11-03,9196,KBSH,Kutheli Bukhari Small Hydropower Limited,1869,1869,1810,1810,431,783703,1839.2,3300,1700,2025-11-03T14:45:48.169296,1810,18,1818.33,2426.38
286,2025-11-03,9197,LBBLD89,11% L.B.B.L. Debenture 2089,1226,1226,1226,1226,10,12260,1226,1270,1082,2025-11-03T12:28:19.726218,1226,1,1226,1226
287,2025-11-03,9198,LVF2,Laxmi Value Fund 2,9.3,9.4,9.3,9.3,23500,220835,9.3,11.45,8.8,2025-11-03T14:31:14.416904,9.3,9,9.39,744
288,2025-11-03,9199,RNLI,Reliable Nepal Life Insurance Limited,488,493,481.2,487.9,126777,61968732.3,491,593,416,2025-11-03T14:59:58.914351,487.9,480,488.8,25355.19
289,2025-11-03,9201,SNLI,Sun Nepal Life Insurance Company Limited,481,489,475,480,74993,36115225,486,744.5,411.6,2025-11-03T14:59:30.057281,480,436,481.58,24149.91
290,2025-11-03,9203,MEHL,Manakamana Engineering Hydropower Limited,402,410,400,402.6,5604,2266327,408.9,696,372.4,2025-11-03T14:58:48.555082,402.6,71,404.41,3220.8
291,2025-11-03,9208,ULHC,Upper Lohore Khola Hydropower Company Limited,446.1,455.1,444,449,5875,2637777,455,693,411.7,2025-11-03T14:59:57.895705,449,67,448.98,2289.02
292,2025-11-03,9209,CLI,Citizen Life Insurance Company Limited,475,481,465.1,470,35499,16779991.4,473,774.9,411,2025-11-03T14:59:51.223431,470,305,472.68,23500
293,2025-11-03,9211,SBID89,9% Nepal SBI Bank Rinpatra 2089,1152,1210,1152,1210,250,301003,1130,1210,1039,2025-11-03T12:46:02.450905,1210,4,1204.01,1716.22
294,2025-11-03,9212,MANDU,Mandu Hydropower Limited,801,820,801,817.8,2143,1744473.1,812.1,1090,766.5,2025-11-03T14:59:58.848015,817.8,40,814.03,11151.82
295,2025-11-03,9213,HATHY,Hathway Investment Nepal Limited,965,982.9,960,963,9990,9661682.2,974,1600,884,2025-11-03T14:59:57.811454,963,142,967.13,30538.35
296,2025-11-03,9214,BGWT,Bhagawati Hydropower Development Company Limited,805,805,780.5,783,1650,1307651.3,790,1241,750.1,2025-11-03T14:59:14.599051,783,32,792.51,5310.62
297,2025-11-03,9215,MSHL,Mid Solu Hydropower Limited,912,925,910,923,1263,1152168,928.9,1135,808.5,2025-11-03T14:59:49.661723,923,25,912.24,6907.73
298,2025-11-03,9216,SONA,Sonapur Minerals And Oil Limited,425,440.1,420,431,46377,19997947.9,428,545,398,2025-11-03T14:59:58.84125,431,383,431.2,13253.47
299,2025-11-03,9217,MMKJL,Mathillo Mailun Khola Jalvidhyut Limited,611.1,634.9,603.1,606,13073,7968063.8,622.5,890.4,528.2,2025-11-03T14:59:59.669336,606,80,609.5,6060
300,2025-11-03,9218,TVCL,Trishuli Jal Vidhyut Company Limited ,444,444,415.2,420.5,7325,3089378.2,435.9,697,386,2025-11-03T14:59:43.364375,420.5,73,421.75,7789.76
301,2025-11-03,9221,H8020,Himalayan 80-20,10.15,10.39,10.15,10.21,21485,221800.75,10.19,12.21,9.67,2025-11-03T14:54:55.247038,10.21,9,10.32,102.1
302,2025-11-03,9225,VLUCL,Vision Lumbini Urja Company Limited ,572,580,560.7,570,12121,6902404.6,582,802,516,2025-11-03T14:59:53.68912,570,103,569.45,10901.25
303,2025-11-03,9230,MKCL,Muktinath Krishi Company Limited,1485,1616.8,1432,1616.8,9968,14623793.1,1469.9,1900,1378.9,2025-11-03T14:59:59.06862,1616.8,137,1467.07,12223.01
304,2025-11-03,9231,CIZBD90,10% Citizens Bank Debenture 2090,1200,1290,1200,1224,437,551408.5,1200,1290,1060.1,2025-11-03T14:47:31.037889,1224,8,1261.8,3672
305,2025-11-03,9232,CKHL,Chirkhwa Hydropower Limited ,617,618,590,610,2070,1247293,617.7,910,550,2025-11-03T14:58:27.898908,610,31,602.55,2440
306,2025-11-03,9233,NWCL,Nepal Warehousing Company Limited ,796.3,813,796.3,812,482,387812.6,810.5,1147,740.2,2025-11-03T14:56:36.342243,812,23,804.59,5582.5
307,2025-11-03,9234,HRL,Himalayan Reinsurance Limited,803.6,850,803.6,839,281018,235995285.7,819.9,1156,762.1,2025-11-03T14:59:58.819059,839,2096,839.78,91182.52
308,2025-11-03,9236,NICGF2,NIC ASIA Growth Fund-2,8.8,8.95,8.65,8.8,1900,16771,8.8,9.98,8.33,2025-11-03T13:50:40.187328,8.8,9,8.82,796.4
309,2025-11-03,9241,KSY,Kumari Sabal Yojana,8.76,9.15,8.76,9.15,3800,34225,8.93,10.64,8.25,2025-11-03T14:56:17.815181,9.15,14,9,681.45
310,2025-11-03,9242,SARBTM,Sarbottam Cement Limited,885,899.9,879,885,22362,19873719.5,885,1048,700,2025-11-03T14:59:09.5063,885,161,888.72,44033.18
311,2025-11-03,9243,NIMBD90,10% NIMB Debenture 2090,1241,1287,1241,1265,612,780912,1241,1287,1102.5,2025-11-03T14:57:00.235453,1265,6,1276,5110.6
312,2025-11-03,9244,NIBLSTF,NIBL Stable Fund,8.67,8.83,8.54,8.55,3600,31126,8.67,10.08,7.85,2025-11-03T14:23:51.736035,8.55,11,8.64,966.15
313,2025-11-03,9245,MNMF1,Muktinath Mutual Fund 1,8.88,9.21,8.85,9.21,28600,260441,8.95,10.42,8.67,2025-11-03T14:49:52.164908,9.21,22,9.1,1151.25
314,2025-11-03,9246,GMLI,Guardian Micro Life Insurance Limited ,1918,1929.9,1892,1895,3012,5734046.6,1916,2778,301,2025-11-03T14:59:38.522953,1895,84,1903.73,14212.5
315,2025-11-03,9248,GSY,Garima Samriddhi Yojana,8.92,9.08,8.91,9.08,16400,146764.8,8.97,10.3,8.75,2025-11-03T14:58:23.626956,9.08,29,8.94,1135
316,2025-11-03,9249,ICFCD88,9% ICFC Finance Limited Debenture 2088,1120,1140,1120,1122,358,404486,1116,1140,1000,2025-11-03T14:12:12.647954,1122,13,1129.84,336.6
317,2025-11-03,9250,NMIC,Nepal Micro Insurance Company Limited,1405,1418.9,1345,1364,16840,23118816.1,1405,2703.3,302.3,2025-11-03T14:59:59.814257,1364,276,1372.85,10230
318,2025-11-03,9252,CREST,Crest Micro Life Insurance Limited,1420,1420,1322.2,1335,33686,45030980.2,1419,2458.2,302.5,2025-11-03T14:59:58.394972,1335,453,1336.78,10012.5
319,2025-11-03,9254,NMBHF2,NMB Hybrid Fund L- II,8.87,9.11,8.87,9,1800,16206,9.05,10,8.16,2025-11-03T14:23:40.999307,9,16,9,1228.36
320,2025-11-03,9255,EBLD91,Everest Bank Limited Debenture 2091,1100,1127,1100,1127,1734,1951663,1105,1127,994.4,2025-11-03T14:58:58.212032,1127,13,1125.52,3381
321,2025-11-03,9256,OMPL,Om Megashree Pharmaceuticals Limited,1280,1288,1245,1246,8900,11202304.2,1263,2167.2,270,2025-11-03T14:59:10.550834,1246,214,1258.68,7476
322,2025-11-03,9257,MBLEF,MBL Equity Fund,9,9,8.95,8.96,850,7625,9,10.19,8.59,2025-11-03T14:59:13.583248,8.96,6,8.97,1089.76
323,2025-11-03,9258,PURE,Pure Energy Limited,820,835,802,806,15514,12681538.1,820,1327.9,289.3,2025-11-03T14:59:00.62507,806,228,817.42,6448
324,2025-11-03,9259,RSY,Reliable Samriddhi Yojana,8.87,9.22,8.87,9.18,28800,257062,9.04,10.08,8.58,2025-11-03T14:58:03.561365,9.18,24,8.92,1101.6
325,2025-11-03,9261,NIFRAGED,Nifra Green Energy Debenture 6% - 2088/89,1010,1010,1010,1010,25,25250,1006,1020,948,2025-11-03T12:35:13.995467,1010,1,1010,
326,2025-11-03,9262,TTL,Trade Tower Limited,754,765,736.3,743,19959,14930132,754,1262.8,366.1,2025-11-03T14:59:58.463944,743,525,748.04,6059.98
327,2025-11-03,9263,SANVI,Sanvi Energy Limited,610,624.5,600,608,18997,11471327.4,617,930.4,359,2025-11-03T14:59:58.131229,608,280,603.84,5350.4
328,2025-11-03,9264,RBBD2088,7% RBBL Debenture 2088,1070,1073,1070,1073,355,380740,1052,1080,967.6,2025-11-03T13:46:14.738019,1073,5,1072.5,
329,2025-11-03,9266,NICAD2091,7% NIC ASIA Debenture 2091,1086,1091,1086,1086,829,903314,1065,1091,1005.2,2025-11-03T14:40:02.623265,1086,6,1089.64,
330,2025-11-03,9267,BHCL,Bikash Hydropower Company Limited,433,447.8,429,437,32879,14376208.4,441,625.7,292.1,2025-11-03T14:59:58.315123,437,564,437.24,3972.77
331,2025-11-03,9269,GBIMESY2,Global IME Sammunat Yojana -2,9,9,8.83,8.9,2650,23548,9,10,8.65,2025-11-03T14:57:18.408249,8.9,13,8.88,1335
332,2025-11-03,9270,HIMSTAR,Him Star Urja Company Limited,646,650,626,635,9340,5928805.6,646,762.3,252.2,2025-11-03T14:59:58.249636,635,324,634.77,2368.55
333,2025-11-03,9271,SBLD2091,7.25% SBL Debenture 2091,109,1111,109,1111,1018,1130984.5,1076,1115,109,2025-11-03T13:30:27.957293,1111,3,1110.98,